KAYIT SIRA;ENDEKS KODU;ENDEKSLER;ENDEKSLERIN INGILIZCE ISIMLERI;KUR TURU;TARIH;KAPANIS;ACILIS;EN DUSUK;EN YUKSEK
ORDER;INDEX CODE;INDEX NAMES IN TURKISH;INDICES;CURRENCY TYPE;DATE;CLOSING VALUE;OPEN VALUE;LOWEST VALUE;HIGHEST VALUE
1;XU100_CFNNTLTL;BIST 100 GETIRI;BIST 100 RETURN;TRY;17/02/2026;28008.16;28178.98;28008.16;28366.43
2;XU100_CFNNTLUS;BIST 100 GETIRI (ABD DOLARI);BIST 100 RETURN (USD);USD;17/02/2026;3733.64;3733.64;3733.64;3733.64
3;XU100_CFNNTLER;BIST 100 GETIRI (EURO);BIST 100 RETURN (EURO);EUR;17/02/2026;3695.83;3695.83;3695.83;3695.83
4;XU050_CFNNTLTL;BIST 50 GETIRI;BIST 50 RETURN;TRY;17/02/2026;24375.27;24629.7;24375.27;24739.31
5;XU050_CFNNTLUS;BIST 50 GETIRI (ABD DOLARI);BIST 50 RETURN (USD);USD;17/02/2026;3249.35;3249.35;3249.35;3249.35
6;XU050_CFNNTLER;BIST 50 GETIRI (EURO);BIST 50 RETURN (EURO);EUR;17/02/2026;3216.45;3216.45;3216.45;3216.45
7;XU030_CFNNTLTL;BIST 30 GETIRI;BIST 30 RETURN;TRY;17/02/2026;30954.43;31284.4;30954.43;31452.05
8;XU030_CFNNTLUS;BIST 30 GETIRI (ABD DOLARI);BIST 30 RETURN (USD);USD;17/02/2026;4126.39;4126.39;4126.39;4126.39
9;XU030_CFNNTLER;BIST 30 GETIRI (EURO);BIST 30 RETURN (EURO);EUR;17/02/2026;4084.6;4084.6;4084.6;4084.6
10;XLBNK_CFNNTLTL;BIST LIKIT BANKA GETIRI;BIST LIQUID BANKS RETURN;TRY;17/02/2026;20803.93;20928.45;20803.93;21306.69
11;XLBNK_CFNNTLUS;BIST LIKIT BANKA GETIRI (ABD DOLARI);BIST LIQUID BANKS RETURN (USD);USD;17/02/2026;2773.28;2773.28;2773.28;2773.28
12;XLBNK_CFNNTLER;BIST LIKIT BANKA GETIRI (EURO);BIST LIQUID BANKS RETURN (EURO);EUR;17/02/2026;2745.19;2745.19;2745.19;2745.19
13;X10XB_CFNNTLTL;BIST BANKA DISI LIKIT 10 GETIRI;BIST LIQUID 10 EX BANKS RETURN;TRY;17/02/2026;20497.38;20761.63;20497.38;20865.29
14;X10XB_CFNNTLUS;BIST BANKA DISI LIKIT 10 GETIRI (ABD DOLARI);BIST LIQUID 10 EX BANKS RETURN (USD);USD;17/02/2026;2732.41;2732.41;2732.41;2732.41
15;X10XB_CFNNTLER;BIST BANKA DISI LIKIT 10 GETIRI (EURO);BIST LIQUID 10 EX BANKS RETURN (EURO);EUR;17/02/2026;2704.74;2704.74;2704.74;2704.74
16;XU500_CFNNTLTL;BIST 500 GETIRI;BIST 500 RETURN;TRY;17/02/2026;17956.5;18029.33;17956.5;18136.56
17;XU500_CFNNTLUS;BIST 500 GETIRI (ABD DOLARI);BIST 500 RETURN (USD);USD;17/02/2026;2393.7;2393.7;2393.7;2393.7
18;XU500_CFNNTLER;BIST 500 GETIRI (EURO);BIST 500 RETURN (EURO);EUR;17/02/2026;2369.46;2369.46;2369.46;2369.46
19;XUTUM_CFNNTLTL;BIST TUM GETIRI;BIST ALL SHARES RETURN;TRY;17/02/2026;33888.75;34026.64;33888.75;34226.2
20;XUTUM_CFNNTLUS;BIST TUM GETIRI (ABD DOLARI);BIST ALL SHARES RETURN (USD);USD;17/02/2026;4517.55;4517.55;4517.55;4517.55
21;XUTUM_CFNNTLER;BIST TUM GETIRI (EURO);BIST ALL SHARES RETURN (EURO);EUR;17/02/2026;4471.8;4471.8;4471.8;4471.8
22;XELOT_CFNNTLTL;BIST 50-30 GETIRI;BIST 50-30 RETURN;TRY;17/02/2026;11378.97;11480.82;11353.16;11480.82
23;XELOT_CFNNTLUS;BIST 50-30 GETIRI (ABD DOLARI);BIST 50-30 RETURN (USD);USD;17/02/2026;1516.88;1516.88;1516.88;1516.88
24;XELOT_CFNNTLER;BIST 50-30 GETIRI (EURO);BIST 50-30 RETURN (EURO);EUR;17/02/2026;1501.52;1501.52;1501.52;1501.52
25;XELOS_CFCNTLTL;BIST 50-30 AGIRLIK SINIRLAMALI 10 GETIRI;BIST 50-30 CAPPED 10 RETURN;TRY;17/02/2026;11216.69;11315.82;11190.38;11315.82
26;XELOS_CFCNTLUS;BIST 50-30 AGIRLIK SINIRLAMALI 10 GETIRI (ABD DOLARI);BIST 50-30 CAPPED 10 RETURN (USD);USD;17/02/2026;1495.25;1495.25;1495.25;1495.25
27;XELOS_CFCNTLER;BIST 50-30 AGIRLIK SINIRLAMALI 10 GETIRI (EURO);BIST 50-30 CAPPED 10 RETURN (EURO);EUR;17/02/2026;1480.1;1480.1;1480.1;1480.1
28;XELOC_CFCNTLTL;BIST 50-30 AGIRLIK SINIRLAMALI 25 GETIRI;BIST 50-30 CAPPED 25 RETURN;TRY;17/02/2026;11376;11477.83;11350.21;11477.83
29;XELOC_CFCNTLUS;BIST 50-30 AGIRLIK SINIRLAMALI 25 GETIRI (ABD DOLARI);BIST 50-30 CAPPED 25 RETURN (USD);USD;17/02/2026;1516.48;1516.48;1516.48;1516.48
30;XELOC_CFCNTLER;BIST 50-30 AGIRLIK SINIRLAMALI 25 GETIRI (EURO);BIST 50-30 CAPPED 25 RETURN (EURO);EUR;17/02/2026;1501.12;1501.12;1501.12;1501.12
31;XYUZO_CFNNTLTL;BIST 100-30 GETIRI;BIST 100-30 RETURN;TRY;17/02/2026;36477.94;36287.95;36287.95;36660.99
32;XYUZO_CFNNTLUS;BIST 100-30 GETIRI (ABD DOLARI);BIST 100-30 RETURN (USD);USD;17/02/2026;4862.71;4862.71;4862.71;4862.71
33;XYUZO_CFNNTLER;BIST 100-30 GETIRI (EURO);BIST 100-30 RETURN (EURO);EUR;17/02/2026;4813.46;4813.46;4813.46;4813.46
34;XTUMY_CFNNTLTL;BIST TUM-100 GETIRI;BIST ALL SHARES-100 RETURN;TRY;17/02/2026;89196.49;89043.29;88672.19;89390.24
35;XTUMY_CFNNTLUS;BIST TUM-100 GETIRI (ABD DOLARI);BIST ALL SHARES-100 RETURN (USD);USD;17/02/2026;11890.37;11890.37;11890.37;11890.37
36;XTUMY_CFNNTLER;BIST TUM-100 GETIRI (EURO);BIST ALL SHARES-100 RETURN (EURO);EUR;17/02/2026;11769.95;11769.95;11769.95;11769.95
37;X100S_CFCNTLTL;BIST 100 AGIRLIK SINIRLAMALI 10 GETIRI;BIST 100 CAPPED 10 RETURN;TRY;17/02/2026;19597.89;19717.42;19597.89;19848.58
38;X100S_CFCNTLER;BIST 100 AGIRLIK SINIRLAMALI 10 GETIRI (EURO);BIST 100 CAPPED 10 RETURN (EURO);EUR;17/02/2026;2586.05;2586.05;2586.05;2586.05
39;X100S_CFCNTLUS;BIST 100 AGIRLIK SINIRLAMALI 10 GETIRI (ABD DOLARI);BIST 100 CAPPED 10 RETURN (USD);USD;17/02/2026;2612.5;2612.5;2612.5;2612.5
40;X100C_CFCNTLTL;BIST 100 AGIRLIK SINIRLAMALI 25 GETIRI;BIST 100 CAPPED 25 RETURN;TRY;17/02/2026;16466.11;16566.53;16466.11;16676.73
41;X100C_CFCNTLUS;BIST 100 AGIRLIK SINIRLAMALI 25 GETIRI (ABD DOLARI);BIST 100 CAPPED 25 RETURN (USD);USD;17/02/2026;2195.02;2195.02;2195.02;2195.02
42;X100C_CFCNTLER;BIST 100 AGIRLIK SINIRLAMALI 25 GETIRI (EURO);BIST 100 CAPPED 25 RETURN (EURO);EUR;17/02/2026;2172.79;2172.79;2172.79;2172.79
43;X030S_CFCNTLTL;BIST 30 AGIRLIK SINIRLAMALI 10 GETIRI;BIST 30 CAPPED 10 RETURN;TRY;17/02/2026;22433.6;22673.22;22433.6;22792.94
44;X030S_CFCNTLUS;BIST 30 AGIRLIK SINIRLAMALI 10 GETIRI (ABD DOLARI);BIST 30 CAPPED 10 RETURN (USD);USD;17/02/2026;2990.52;2990.52;2990.52;2990.52
45;X030S_CFCNTLER;BIST 30 AGIRLIK SINIRLAMALI 10 GETIRI (EURO);BIST 30 CAPPED 10 RETURN (EURO);EUR;17/02/2026;2960.23;2960.23;2960.23;2960.23
46;X030C_CFCNTLTL;BIST 30 AGIRLIK SINIRLAMALI 25 GETIRI;BIST 30 CAPPED 25 RETURN;TRY;17/02/2026;18360.4;18556.11;18360.4;18655.56
47;X030C_CFCNTLUS;BIST 30 AGIRLIK SINIRLAMALI 25 GETIRI (ABD DOLARI);BIST 30 CAPPED 25 RETURN (USD);USD;17/02/2026;2447.54;2447.54;2447.54;2447.54
48;X030C_CFCNTLER;BIST 30 AGIRLIK SINIRLAMALI 25 GETIRI (EURO);BIST 30 CAPPED 25 RETURN (EURO);EUR;17/02/2026;2422.75;2422.75;2422.75;2422.75
49;X030EA;BIST 30 ESIT AGIRLIKLI GETIRI;BIST 30 EQUAL WEIGHTED RETURN;TRY;17/02/2026;31752.25;32054.18;31710.25;32200.56
50;X030EA_CFENTLUS;BIST 30 ESIT AGIRLIKLI GETIRI (ABD DOLARI);BIST 30 EQUAL WEIGHTED RETURN (USD);USD;17/02/2026;4232.75;4232.75;4232.75;4232.75
51;X030EA_CFENTLER;BIST 30 ESIT AGIRLIKLI GETIRI (EURO);BIST 30 EQUAL WEIGHTED RETURN (EURO);EUR;17/02/2026;4189.88;4189.88;4189.88;4189.88
52;XK030EA;BIST KATILIM 30 ESIT AGIRLIKLI GETIRI;BIST PARTICIPATION 30 EQUAL WEIGHTED RETURN;TRY;17/02/2026;11343.1;11471.95;11330.52;11471.95
53;XK030EA_CFENTLUS;BIST KATILIM 30 ESIT AGIRLIKLI GETIRI (ABD DOLARI);BIST PARTICIPATION 30 EQUAL WEIGHTED RETURN (USD);USD;17/02/2026;1512.1;1512.1;1512.1;1512.1
54;XK030EA_CFENTLER;BIST KATILIM 30 ESIT AGIRLIKLI GETIRI (EURO);BIST PARTICIPATION 30 EQUAL WEIGHTED RETURN (EURO);EUR;17/02/2026;1496.78;1496.78;1496.78;1496.78
55;XYLDZ_CFNNTLTL;BIST YILDIZ GETIRI;BIST STARS RETURN;TRY;17/02/2026;20805.66;20914.82;20805.66;21039.03
56;XYLDZ_CFNNTLUS;BIST YILDIZ GETIRI (ABD DOLARI);BIST STARS RETURN (USD);USD;17/02/2026;2773.51;2773.51;2773.51;2773.51
57;XYLDZ_CFNNTLER;BIST YILDIZ GETIRI (EURO);BIST STARS RETURN (EURO);EUR;17/02/2026;2745.42;2745.42;2745.42;2745.42
58;XBANA_CFNNTLTL;BIST ANA GETIRI;BIST MAIN RETURN;TRY;17/02/2026;60788.25;60507.77;60256.1;60852.46
59;XBANA_CFNNTLUS;BIST ANA GETIRI (ABD DOLARI);BIST MAIN RETURN (USD);USD;17/02/2026;8103.4;8103.4;8103.4;8103.4
60;XBANA_CFNNTLER;BIST ANA GETIRI (EURO);BIST MAIN RETURN (EURO);EUR;17/02/2026;8021.33;8021.33;8021.33;8021.33
61;XHARZ_CFCNTLTL;BIST HALKA ARZ GETIRI;BIST IPO RETURN;TRY;17/02/2026;267826.64;261704.75;260096.22;269291.65
62;XHARZ_CFCNTLUS;BIST HALKA ARZ GETIRI (ABD DOLARI);BIST IPO RETURN (USD);USD;17/02/2026;35702.73;35702.73;35702.73;35702.73
63;XHARZ_CFCNTLER;BIST HALKA ARZ GETIRI (EURO);BIST IPO RETURN (EURO);EUR;17/02/2026;35341.15;35341.15;35341.15;35341.15
64;XKOBI_CFNNTLTL;BIST KOBI SANAYI GETIRI;BIST SME INDUSTRIAL RETURN;TRY;17/02/2026;44130.02;44015.36;43766.32;44451.12
65;XKOBI_CFNNTLUS;BIST KOBI SANAYI GETIRI (ABD DOLARI);BIST SME INDUSTRIAL RETURN (USD);USD;17/02/2026;5882.77;5882.77;5882.77;5882.77
66;XKOBI_CFNNTLER;BIST KOBI SANAYI GETIRI (EURO);BIST SME INDUSTRIAL RETURN (EURO);EUR;17/02/2026;5823.19;5823.19;5823.19;5823.19
67;XTMTU_CFNNTLTL;BIST TEMETTU GETIRI;BIST DIVIDEND RETURN;TRY;17/02/2026;23857.77;24148.53;23857.77;24216.83
68;XTMTU_CFNNTLER;BIST TEMETTU GETIRI (EURO);BIST DIVIDEND RETURN (EURO);EUR;17/02/2026;3148.16;3148.16;3148.16;3148.16
69;XTMTU_CFNNTLUS;BIST TEMETTU GETIRI (ABD DOLARI);BIST DIVIDEND RETURN (USD);USD;17/02/2026;3180.37;3180.37;3180.37;3180.37
70;XTM25_CFNNTLTL;BIST TEMETTU 25 GETIRI;BIST DIVIDEND 25 RETURN;TRY;17/02/2026;32410.84;32907.15;32410.84;32941.94
71;XTM25_CFNNTLUS;BIST TEMETTU 25 GETIRI (ABD DOLARI);BIST DIVIDEND 25 RETURN (USD);USD;17/02/2026;4320.54;4320.54;4320.54;4320.54
72;XTM25_CFNNTLER;BIST TEMETTU 25 GETIRI (EURO);BIST DIVIDEND 25 RETURN (EURO);EUR;17/02/2026;4276.78;4276.78;4276.78;4276.78
73;XKTUM_CFNNTLTL;BIST KATILIM TUM GETIRI;BIST PARTICIPATION ALL SHARES RETURN;TRY;17/02/2026;17754.44;17961.14;17744.53;17976.71
74;XKTUM_CFNNTLUS;BIST KATILIM TUM GETIRI (ABD DOLARI);BIST PARTICIPATION ALL SHARES RETURN (USD);USD;17/02/2026;2366.76;2366.76;2366.76;2366.76
75;XKTUM_CFNNTLER;BIST KATILIM TUM GETIRI (EURO);BIST PARTICIPATION ALL SHARES RETURN (EURO);EUR;17/02/2026;2342.79;2342.79;2342.79;2342.79
76;XK100_CFCNTLTL;BIST KATILIM 100 GETIRI;BIST PARTICIPATION 100 RETURN;TRY;17/02/2026;16417.17;16615.46;16406;16617.59
77;XK100_CFCNTLUS;BIST KATILIM 100 GETIRI (ABD DOLARI);BIST PARTICIPATION 100 RETURN (USD);USD;17/02/2026;2188.5;2188.5;2188.5;2188.5
78;XK100_CFCNTLER;BIST KATILIM 100 GETIRI (EURO);BIST PARTICIPATION 100 RETURN (EURO);EUR;17/02/2026;2166.33;2166.33;2166.33;2166.33
79;XK050_CFCNTLTL;BIST KATILIM 50 GETIRI;BIST PARTICIPATION 50 RETURN;TRY;17/02/2026;16711.49;16940.32;16690.03;16942.4
80;XK050_CFCNTLUS;BIST KATILIM 50 GETIRI (ABD DOLARI);BIST PARTICIPATION 50 RETURN (USD);USD;17/02/2026;2227.73;2227.73;2227.73;2227.73
81;XK050_CFCNTLER;BIST KATILIM 50 GETIRI (EURO);BIST PARTICIPATION 50 RETURN (EURO);EUR;17/02/2026;2205.17;2205.17;2205.17;2205.17
82;XK030_CFCNTLTL;BIST KATILIM 30 GETIRI;BIST PARTICIPATION 30 RETURN;TRY;17/02/2026;16163.36;16377.76;16139.79;16379.32
83;XK030_CFCNTLUS;BIST KATILIM 30 GETIRI (ABD DOLARI);BIST PARTICIPATION 30 RETURN (USD);USD;17/02/2026;2154.66;2154.66;2154.66;2154.66
84;XK030_CFCNTLER;BIST KATILIM 30 GETIRI (EURO);BIST PARTICIPATION 30 RETURN (EURO);EUR;17/02/2026;2132.84;2132.84;2132.84;2132.84
85;XSRDK_CFCNTLTL;BIST KATILIM SURDURULEBILIRLIK GETIRI;BIST PARTICIPATION SUSTAINABILITY RETURN;TRY;17/02/2026;18755.68;19019.01;18755.68;19031.04
86;XSRDK_CFCNTLUS;BIST KATILIM SURDURULEBILIRLIK GETIRI (ABD DOLARI);BIST PARTICIPATION SUSTAINABILITY RETURN (USD);USD;17/02/2026;2500.23;2500.23;2500.23;2500.23
87;XSRDK_CFCNTLER;BIST KATILIM SURDURULEBILIRLIK GETIRI (EURO);BIST PARTICIPATION SUSTAINABILITY RETURN (EURO);EUR;17/02/2026;2474.91;2474.91;2474.91;2474.91
88;XKTMT_CFCNTLTL;BIST KATILIM TEMETTU GETIRI;BIST PARTICIPATION DIVIDEND RETURN;TRY;17/02/2026;16704.04;16862.46;16696.61;16866.3
89;XKTMT_CFCNTLUS;BIST KATILIM TEMETTU GETIRI (ABD DOLARI);BIST PARTICIPATION DIVIDEND RETURN (USD);USD;17/02/2026;2226.74;2226.74;2226.74;2226.74
90;XKTMT_CFCNTLER;BIST KATILIM TEMETTU GETIRI (EURO);BIST PARTICIPATION DIVIDEND RETURN (EURO);EUR;17/02/2026;2204.19;2204.19;2204.19;2204.19
91;XKURY_CFNNTLTL;BIST KURUMSAL YONETIM GETIRI;BIST CORPORATE GOVERNANCE RETURN;TRY;17/02/2026;23232.62;23536.87;23232.62;23597.16
92;XKURY_CFNNTLUS;BIST KURUMSAL YONETIM GETIRI (ABD DOLARI);BIST CORPORATE GOVERNANCE RETURN (USD);USD;17/02/2026;3097.03;3097.03;3097.03;3097.03
93;XKURY_CFNNTLER;BIST KURUMSAL YONETIM GETIRI (EURO);BIST CORPORATE GOVERNANCE RETURN (EURO);EUR;17/02/2026;3065.67;3065.67;3065.67;3065.67
94;XUSRD_CFCNTLTL;BIST SURDURULEBILIRLIK GETIRI;BIST SUSTAINABILITY RETURN;TRY;17/02/2026;25997.26;26319.87;25997.26;26393.76
95;XUSRD_CFCNTLUS;BIST SURDURULEBILIRLIK GETIRI (ABD DOLARI);BIST SUSTAINABILITY RETURN (USD);USD;17/02/2026;3465.57;3465.57;3465.57;3465.57
96;XUSRD_CFCNTLER;BIST SURDURULEBILIRLIK GETIRI (EURO);BIST SUSTAINABILITY RETURN (EURO);EUR;17/02/2026;3430.48;3430.48;3430.48;3430.48
97;XSD25_CFCNTLTL;BIST SURDURULEBILIRLIK 25 GETIRI;BIST SUSTAINABILITY 25 RETURN;TRY;17/02/2026;20106.36;20382.17;20106.36;20430.83
98;XSD25_CFCNTLUS;BIST SURDURULEBILIRLIK 25 GETIRI (ABD DOLARI);BIST SUSTAINABILITY 25 RETURN (USD);USD;17/02/2026;2680.29;2680.29;2680.29;2680.29
99;XSD25_CFCNTLER;BIST SURDURULEBILIRLIK 25 GETIRI (EURO);BIST SUSTAINABILITY 25 RETURN (EURO);EUR;17/02/2026;2653.14;2653.14;2653.14;2653.14
100;XTM25S_CFCNTLTL;BIST TEMETTU 25 AGIRLIK SINIRLAMALI 10 GETIRI;BIST DIVIDEND 25 CAPPED 10 RETURN;TRY;17/02/2026;19541;19841.09;19541;19858.46
101;XTM25S_CFCNTLUS;BIST TEMETTU 25 AGIRLIK SINIRLAMALI 10 GETIRI (ABD DOLARI);BIST DIVIDEND 25 CAPPED 10 RETURN (USD);USD;17/02/2026;2604.92;2604.92;2604.92;2604.92
102;XTM25S_CFCNTLER;BIST TEMETTU 25 AGIRLIK SINIRLAMALI 10 GETIRI (EURO);BIST DIVIDEND 25 CAPPED 10 RETURN (EURO);EUR;17/02/2026;2578.54;2578.54;2578.54;2578.54
103;XT05Y_CFNNTLTL;BIST TEMETTU 5 YIL GETIRI;BIST DIVIDEND 5 YEARS RETURN;TRY;17/02/2026;15683.44;15897.73;15683.44;15955.28
104;XT05Y_CFNNTLUS;BIST TEMETTU 5 YIL GETIRI (ABD DOLARI);BIST DIVIDEND 5 YEARS RETURN (USD);USD;17/02/2026;2090.69;2090.69;2090.69;2090.69
105;XT05Y_CFNNTLER;BIST TEMETTU 5 YIL GETIRI (EURO);BIST DIVIDEND 5 YEARS RETURN (EURO);EUR;17/02/2026;2069.51;2069.51;2069.51;2069.51
106;XT10Y_CFNNTLTL;BIST TEMETTU 10 YIL GETIRI;BIST DIVIDEND 10 YEARS RETURN;TRY;17/02/2026;15789.23;16053.63;15789.23;16099.69
107;XT10Y_CFNNTLUS;BIST TEMETTU 10 YIL GETIRI (ABD DOLARI);BIST DIVIDEND 10 YEARS RETURN (USD);USD;17/02/2026;2104.79;2104.79;2104.79;2104.79
108;XT10Y_CFNNTLER;BIST TEMETTU 10 YIL GETIRI (EURO);BIST DIVIDEND 10 YEARS RETURN (EURO);EUR;17/02/2026;2083.47;2083.47;2083.47;2083.47
109;XUGRA_CFCNTLTL;BIST GERI ALIM GETIRI;BIST BUYBACK RETURN;TRY;17/02/2026;14722.05;14758.02;14690.09;14847.29
110;XUGRA_CFCNTLUS;BIST GERI ALIM GETIRI (ABD DOLARI);BIST BUYBACK RETURN (USD);USD;17/02/2026;1962.53;1962.53;1962.53;1962.53
111;XUGRA_CFCNTLER;BIST GERI ALIM GETIRI (EURO);BIST BUYBACK RETURN (EURO);EUR;17/02/2026;1942.65;1942.65;1942.65;1942.65
112;XUSIN_CFNNTLTL;BIST SINAI GETIRI;BIST INDUSTRIALS RETURN;TRY;17/02/2026;45276.43;45903.6;45276.43;45903.6
113;XUSIN_CFNNTLUS;BIST SINAI GETIRI (ABD DOLARI);BIST INDUSTRIALS RETURN (USD);USD;17/02/2026;6035.59;6035.59;6035.59;6035.59
114;XUSIN_CFNNTLER;BIST SINAI GETIRI (EURO);BIST INDUSTRIALS RETURN (EURO);EUR;17/02/2026;5974.47;5974.47;5974.47;5974.47
115;XSINS_CFCNTLTL;BIST SINAI AGIRLIK SINIRLAMALI GETIRI;BIST INDUSTRIALS CAPPED RETURN;TRY;17/02/2026;17835.38;18082.44;17835.38;18082.44
116;XSINS_CFCNTLUS;BIST SINAI AGIRLIK SINIRLAMALI GETIRI (ABD DOLARI);BIST INDUSTRIALS CAPPED RETURN (USD);USD;17/02/2026;2377.55;2377.55;2377.55;2377.55
117;XSINS_CFCNTLER;BIST SINAI AGIRLIK SINIRLAMALI GETIRI (EURO);BIST INDUSTRIALS CAPPED RETURN (EURO);EUR;17/02/2026;2353.47;2353.47;2353.47;2353.47
118;XGIDA_CFNNTLTL;BIST GIDA ICECEK GETIRI;BIST FOOD BEVERAGE RETURN;TRY;17/02/2026;24269.48;24443.94;24269.48;24507.59
119;XGIDA_CFNNTLUS;BIST GIDA ICECEK GETIRI (ABD DOLARI);BIST FOOD BEVERAGE RETURN (USD);USD;17/02/2026;3235.25;3235.25;3235.25;3235.25
120;XGIDA_CFNNTLER;BIST GIDA ICECEK GETIRI (EURO);BIST FOOD BEVERAGE RETURN (EURO);EUR;17/02/2026;3202.49;3202.49;3202.49;3202.49
121;XKMYA_CFNNTLTL;BIST KIMYA PETROL PLASTIK GETIRI;BIST CHEM. PETROL PLASTIC RETURN;TRY;17/02/2026;54217.22;55087.91;54217.22;55230.48
122;XKMYA_CFNNTLUS;BIST KIMYA PETROL PLASTIK GETIRI (ABD DOLARI);BIST CHEM. PETROL PLASTIC RETURN (USD);USD;17/02/2026;7227.45;7227.45;7227.45;7227.45
123;XKMYA_CFNNTLER;BIST KIMYA PETROL PLASTIK GETIRI (EURO);BIST CHEM. PETROL PLASTIC RETURN (EURO);EUR;17/02/2026;7154.25;7154.25;7154.25;7154.25
124;XMADN_CFNNTLTL;BIST MADENCILIK GETIRI;BIST MINING RETURN;TRY;17/02/2026;19499.28;19635.32;19289.76;19696.96
125;XMADN_CFNNTLUS;BIST MADENCILIK GETIRI (ABD DOLARI);BIST MINING RETURN (USD);USD;17/02/2026;2599.36;2599.36;2599.36;2599.36
126;XMADN_CFNNTLER;BIST MADENCILIK GETIRI (EURO);BIST MINING RETURN (EURO);EUR;17/02/2026;2573.03;2573.03;2573.03;2573.03
127;XMANA_CFNNTLTL;BIST METAL ANA GETIRI;BIST BASIC METAL RETURN;TRY;17/02/2026;57852.57;58926.72;57852.57;59000.6
128;XMANA_CFNNTLUS;BIST METAL ANA GETIRI (ABD DOLARI);BIST BASIC METAL RETURN (USD);USD;17/02/2026;7712.06;7712.06;7712.06;7712.06
129;XMANA_CFNNTLER;BIST METAL ANA GETIRI (EURO);BIST BASIC METAL RETURN (EURO);EUR;17/02/2026;7633.95;7633.95;7633.95;7633.95
130;XMESY_CFNNTLTL;BIST METAL ESYA MAKINA GETIRI;BIST METAL PRODUCTS MACH. RETURN;TRY;17/02/2026;64673.44;65810.86;64591.46;65810.86
131;XMESY_CFNNTLER;BIST METAL ESYA MAKINA GETIRI (EURO);BIST METAL PRODUCTS MACH. RETURN (EURO);EUR;17/02/2026;8534;8534;8534;8534
132;XMESY_CFNNTLUS;BIST METAL ESYA MAKINA GETIRI (ABD DOLARI);BIST METAL PRODUCTS MACH. RETURN (USD);USD;17/02/2026;8621.32;8621.32;8621.32;8621.32
133;XKAGT_CFNNTLTL;BIST ORMAN KAGIT BASIM GETIRI;BIST WOOD PAPER PRINTING RETURN;TRY;17/02/2026;12635.69;12671.02;12521.28;12773.61
134;XKAGT_CFNNTLUS;BIST ORMAN KAGIT BASIM GETIRI (ABD DOLARI);BIST WOOD PAPER PRINTING RETURN (USD);USD;17/02/2026;1684.41;1684.41;1684.41;1684.41
135;XKAGT_CFNNTLER;BIST ORMAN KAGIT BASIM GETIRI (EURO);BIST WOOD PAPER PRINTING RETURN (EURO);EUR;17/02/2026;1667.35;1667.35;1667.35;1667.35
136;XTAST_CFNNTLTL;BIST TAS TOPRAK GETIRI;BIST NONMETAL MIN. PRODUCT RETURN;TRY;17/02/2026;47795.45;48608.33;47754.85;48608.33
137;XTAST_CFNNTLUS;BIST TAS TOPRAK GETIRI (ABD DOLARI);BIST NONMETAL MIN. PRODUCT RETURN (USD);USD;17/02/2026;6371.39;6371.39;6371.39;6371.39
138;XTAST_CFNNTLER;BIST TAS TOPRAK GETIRI (EURO);BIST NONMETAL MIN. PRODUCT RETURN (EURO);EUR;17/02/2026;6306.86;6306.86;6306.86;6306.86
139;XTEKS_CFNNTLTL;BIST TEKSTIL DERI GETIRI;BIST TEXTILE LEATHER RETURN;TRY;17/02/2026;8239.54;8110.29;8084.82;8251.85
140;XTEKS_CFNNTLUS;BIST TEKSTIL DERI GETIRI (ABD DOLARI);BIST TEXTILE LEATHER RETURN (USD);USD;17/02/2026;1098.38;1098.38;1098.38;1098.38
141;XTEKS_CFNNTLER;BIST TEKSTIL DERI GETIRI (EURO);BIST TEXTILE LEATHER RETURN (EURO);EUR;17/02/2026;1087.25;1087.25;1087.25;1087.25
142;XUHIZ_CFNNTLTL;BIST HIZMETLER GETIRI;BIST SERVICES RETURN;TRY;17/02/2026;23454.15;23606.68;23436.67;23632.25
143;XUHIZ_CFNNTLUS;BIST HIZMETLER GETIRI (ABD DOLARI);BIST SERVICES RETURN (USD);USD;17/02/2026;3126.56;3126.56;3126.56;3126.56
144;XUHIZ_CFNNTLER;BIST HIZMETLER GETIRI (EURO);BIST SERVICES RETURN (EURO);EUR;17/02/2026;3094.9;3094.9;3094.9;3094.9
145;XELKT_CFNNTLTL;BIST ELEKTRIK GETIRI;BIST ELECTRICITY RETURN;TRY;17/02/2026;1128.17;1125.32;1122.83;1130.68
146;XELKT_CFNNTLUS;BIST ELEKTRIK GETIRI (ABD DOLARI);BIST ELECTRICITY RETURN (USD);USD;17/02/2026;150.39;150.39;150.39;150.39
147;XELKT_CFNNTLER;BIST ELEKTRIK GETIRI (EURO);BIST ELECTRICITY RETURN (EURO);EUR;17/02/2026;148.87;148.87;148.87;148.87
148;XILTM_CFNNTLTL;BIST ILETISIM GETIRI;BIST TELECOMMUNICATION RETURN;TRY;17/02/2026;7398.53;7411.85;7398.53;7548.66
149;XILTM_CFNNTLUS;BIST ILETISIM GETIRI (ABD DOLARI);BIST TELECOMMUNICATION RETURN (USD);USD;17/02/2026;986.26;986.26;986.26;986.26
150;XILTM_CFNNTLER;BIST ILETISIM GETIRI (EURO);BIST TELECOMMUNICATION RETURN (EURO);EUR;17/02/2026;976.28;976.28;976.28;976.28
151;XINSA_CFNNTLTL;BIST INSAAT GETIRI;BIST CONSTRUCTION RETURN;TRY;17/02/2026;29750.61;30227.98;29750.61;30314.25
152;XINSA_CFNNTLUS;BIST INSAAT GETIRI (ABD DOLARI);BIST CONSTRUCTION RETURN (USD);USD;17/02/2026;3965.92;3965.92;3965.92;3965.92
153;XINSA_CFNNTLER;BIST INSAAT GETIRI (EURO);BIST CONSTRUCTION RETURN (EURO);EUR;17/02/2026;3925.75;3925.75;3925.75;3925.75
154;XSPOR_CFNNTLTL;BIST SPOR GETIRI;BIST SPORTS RETURN;TRY;17/02/2026;3142.17;3179.68;3118.8;3186.73
155;XSPOR_CFNNTLUS;BIST SPOR GETIRI (ABD DOLARI);BIST SPORTS RETURN (USD);USD;17/02/2026;418.87;418.87;418.87;418.87
156;XSPOR_CFNNTLER;BIST SPOR GETIRI (EURO);BIST SPORTS RETURN (EURO);EUR;17/02/2026;414.63;414.63;414.63;414.63
157;XTCRT_CFNNTLTL;BIST TICARET GETIRI;BIST W. AND RETAIL TRADE RETURN;TRY;17/02/2026;53081.09;54050.55;53081.09;54050.55
158;XTCRT_CFNNTLUS;BIST TICARET GETIRI (ABD DOLARI);BIST W. AND RETAIL TRADE RETURN (USD);USD;17/02/2026;7075.99;7075.99;7075.99;7075.99
159;XTCRT_CFNNTLER;BIST TICARET GETIRI (EURO);BIST W. AND RETAIL TRADE RETURN (EURO);EUR;17/02/2026;7004.33;7004.33;7004.33;7004.33
160;XTRZM_CFNNTLTL;BIST TURIZM GETIRI;BIST TOURISM RETURN;TRY;17/02/2026;2021.87;2033.57;2011.02;2033.57
161;XTRZM_CFNNTLUS;BIST TURIZM GETIRI (ABD DOLARI);BIST TOURISM RETURN (USD);USD;17/02/2026;269.53;269.53;269.53;269.53
162;XTRZM_CFNNTLER;BIST TURIZM GETIRI (EURO);BIST TOURISM RETURN (EURO);EUR;17/02/2026;266.8;266.8;266.8;266.8
163;XULAS_CFNNTLTL;BIST ULASTIRMA GETIRI;BIST TRANSPORTATION RETURN;TRY;17/02/2026;91777.16;91653.51;90538.24;92208.53
164;XULAS_CFNNTLUS;BIST ULASTIRMA GETIRI (ABD DOLARI);BIST TRANSPORTATION RETURN (USD);USD;17/02/2026;12234.39;12234.39;12234.39;12234.39
165;XULAS_CFNNTLER;BIST ULASTIRMA GETIRI (EURO);BIST TRANSPORTATION RETURN (EURO);EUR;17/02/2026;12110.48;12110.48;12110.48;12110.48
166;XUMAL_CFNNTLTL;BIST MALI GETIRI;BIST FINANCIALS RETURN;TRY;17/02/2026;33541.92;33386.64;33383.14;33918.36
167;XUMAL_CFNNTLUS;BIST MALI GETIRI (ABD DOLARI);BIST FINANCIALS RETURN (USD);USD;17/02/2026;4471.32;4471.32;4471.32;4471.32
168;XUMAL_CFNNTLER;BIST MALI GETIRI (EURO);BIST FINANCIALS RETURN (EURO);EUR;17/02/2026;4426.04;4426.04;4426.04;4426.04
169;XBANK_CFNNTLTL;BIST BANKA GETIRI;BIST BANKS RETURN;TRY;17/02/2026;35188.61;35385.58;35188.61;35999.9
170;XBANK_CFNNTLUS;BIST BANKA GETIRI (ABD DOLARI);BIST BANKS RETURN (USD);USD;17/02/2026;4690.83;4690.83;4690.83;4690.83
171;XBANK_CFNNTLER;BIST BANKA GETIRI (EURO);BIST BANKS RETURN (EURO);EUR;17/02/2026;4643.32;4643.32;4643.32;4643.32
172;XSGRT_CFNNTLTL;BIST SIGORTA GETIRI;BIST INSURANCE RETURN;TRY;17/02/2026;178245.52;178905.98;177310.86;180225.55
173;XSGRT_CFNNTLUS;BIST SIGORTA GETIRI (ABD DOLARI);BIST INSURANCE RETURN (USD);USD;17/02/2026;23761.09;23761.09;23761.09;23761.09
174;XSGRT_CFNNTLER;BIST SIGORTA GETIRI (EURO);BIST INSURANCE RETURN (EURO);EUR;17/02/2026;23520.44;23520.44;23520.44;23520.44
175;XFINK_CFNNTLTL;BIST FIN. KIR. FAKTORING GETIRI;BIST LEASING FACTORING RETURN;TRY;17/02/2026;54325.34;50485;50350.51;54646.75
176;XFINK_CFNNTLUS;BIST FIN. KIR. FAKTORING GETIRI (ABD DOLARI);BIST LEASING FACTORING RETURN (USD);USD;17/02/2026;7241.86;7241.86;7241.86;7241.86
177;XFINK_CFNNTLER;BIST FIN. KIR. FAKTORING GETIRI (EURO);BIST LEASING FACTORING RETURN (EURO);EUR;17/02/2026;7168.52;7168.52;7168.52;7168.52
178;XHOLD_CFNNTLTL;BIST HOLDING VE YATIRIM GETIRI;BIST HOLD. AND INVESTMENT RETURN;TRY;17/02/2026;22844.46;22661.91;22661.91;23014.63
179;XHOLD_CFNNTLUS;BIST HOLDING VE YATIRIM GETIRI (ABD DOLARI);BIST HOLD. AND INVESTMENT RETURN (USD);USD;17/02/2026;3045.29;3045.29;3045.29;3045.29
180;XHOLD_CFNNTLER;BIST HOLDING VE YATIRIM GETIRI (EURO);BIST HOLD. AND INVESTMENT RETURN (EURO);EUR;17/02/2026;3014.45;3014.45;3014.45;3014.45
181;XGMYO_CFNNTLTL;BIST GAYRIMENKUL Y.O. GETIRI;BIST REAL EST. INV. TRUSTS RETURN;TRY;17/02/2026;13891.41;13898.99;13826.19;13971.39
182;XGMYO_CFNNTLUS;BIST GAYRIMENKUL Y.O. GETIRI (ABD DOLARI);BIST REAL EST. INV. TRUSTS RETURN (USD);USD;17/02/2026;1851.8;1851.8;1851.8;1851.8
183;XGMYO_CFNNTLER;BIST GAYRIMENKUL Y.O. GETIRI (EURO);BIST REAL EST. INV. TRUSTS RETURN (EURO);EUR;17/02/2026;1833.05;1833.05;1833.05;1833.05
184;XGYOS_CFCNTLTL;BIST GAYRIMENKUL Y.O. AGIRLIK SINIRLAMALI GETIRI;BIST REAL EST. INV. TRUSTS CAPPED RETURN;TRY;17/02/2026;6827.16;6830.89;6795.11;6866.47
185;XGYOS_CFCNTLUS;BIST GAYRIMENKUL Y.O. AGIRLIK SINIRLAMALI GETIRI (ABD DOLARI);BIST REAL EST. INV. TRUSTS CAPPED RETURN (USD);USD;17/02/2026;910.1;910.1;910.1;910.1
186;XGYOS_CFCNTLER;BIST GAYRIMENKUL Y.O. AGIRLIK SINIRLAMALI GETIRI (EURO);BIST REAL EST. INV. TRUSTS CAPPED RETURN (EURO);EUR;17/02/2026;900.88;900.88;900.88;900.88
187;XAKUR_CFNNTLTL;BIST ARACI KURUMLAR GETIRI;BIST BROKERAGE HOUSES RETURN;TRY;17/02/2026;174849.65;173959.99;172831.66;175763.21
188;XAKUR_CFNNTLUS;BIST ARACI KURUMLAR GETIRI (ABD DOLARI);BIST BROKERAGE HOUSES RETURN (USD);USD;17/02/2026;23308.4;23308.4;23308.4;23308.4
189;XAKUR_CFNNTLER;BIST ARACI KURUMLAR GETIRI (EURO);BIST BROKERAGE HOUSES RETURN (EURO);EUR;17/02/2026;23072.34;23072.34;23072.34;23072.34
190;XYORT_CFNNTLTL;BIST MENKUL KIYM. Y.O. GETIRI;BIST INVESTMENT TRUSTS RETURN;TRY;17/02/2026;41180.24;41177.95;40789.43;41429.78
191;XYORT_CFNNTLUS;BIST MENKUL KIYM. Y.O. GETIRI (ABD DOLARI);BIST INVESTMENT TRUSTS RETURN (USD);USD;17/02/2026;5489.55;5489.55;5489.55;5489.55
192;XYORT_CFNNTLER;BIST MENKUL KIYM. Y.O. GETIRI (EURO);BIST INVESTMENT TRUSTS RETURN (EURO);EUR;17/02/2026;5433.95;5433.95;5433.95;5433.95
193;XUTEK_CFNNTLTL;BIST TEKNOLOJI GETIRI;BIST TECHNOLOGY RETURN;TRY;17/02/2026;54239.06;54495.8;54203.6;55184.34
194;XUTEK_CFNNTLUS;BIST TEKNOLOJI GETIRI (ABD DOLARI);BIST TECHNOLOGY RETURN (USD);USD;17/02/2026;7230.36;7230.36;7230.36;7230.36
195;XUTEK_CFNNTLER;BIST TEKNOLOJI GETIRI (EURO);BIST TECHNOLOGY RETURN (EURO);EUR;17/02/2026;7157.13;7157.13;7157.13;7157.13
196;XTKJS_CFCNTLTL;BIST TEKNOLOJI AGIRLIK SINIRLAMALI GETIRI;BIST TECHNOLOGY CAPPED RETURN;TRY;17/02/2026;48813.87;48562.89;48359.42;49277.24
197;XTKJS_CFCNTLUS;BIST TEKNOLOJI AGIRLIK SINIRLAMALI GETIRI (ABD DOLARI);BIST TECHNOLOGY CAPPED RETURN (USD);USD;17/02/2026;6507.15;6507.15;6507.15;6507.15
198;XTKJS_CFCNTLER;BIST TEKNOLOJI AGIRLIK SINIRLAMALI GETIRI (EURO);BIST TECHNOLOGY CAPPED RETURN (EURO);EUR;17/02/2026;6441.25;6441.25;6441.25;6441.25
199;XBLSM_CFNNTLTL;BIST BILISIM GETIRI;BIST INF. TECHNOLOGY RETURN;TRY;17/02/2026;9522.68;9443.28;9378.19;9582.39
200;XBLSM_CFNNTLUS;BIST BILISIM GETIRI (ABD DOLARI);BIST INF. TECHNOLOGY RETURN (USD);USD;17/02/2026;1269.42;1269.42;1269.42;1269.42
201;XBLSM_CFNNTLER;BIST BILISIM GETIRI (EURO);BIST INF. TECHNOLOGY RETURN (EURO);EUR;17/02/2026;1256.57;1256.57;1256.57;1256.57
202;XSADA_CFNNTLTL;BIST ADANA GETIRI;BIST ADANA RETURN;TRY;17/02/2026;82105.78;85378.91;81518.78;85911.82
203;XSADA_CFNNTLUS;BIST ADANA GETIRI (ABD DOLARI);BIST ADANA RETURN (USD);USD;17/02/2026;10945.14;10945.14;10945.14;10945.14
204;XSADA_CFNNTLER;BIST ADANA GETIRI (EURO);BIST ADANA RETURN (EURO);EUR;17/02/2026;10834.29;10834.29;10834.29;10834.29
205;XSANK_CFNNTLTL;BIST ANKARA GETIRI;BIST ANKARA RETURN;TRY;17/02/2026;62718.57;62954.83;62479.93;63402.58
206;XSANK_CFNNTLUS;BIST ANKARA GETIRI (ABD DOLARI);BIST ANKARA RETURN (USD);USD;17/02/2026;8360.72;8360.72;8360.72;8360.72
207;XSANK_CFNNTLER;BIST ANKARA GETIRI (EURO);BIST ANKARA RETURN (EURO);EUR;17/02/2026;8276.05;8276.05;8276.05;8276.05
208;XSANT_CFNNTLTL;BIST ANTALYA GETIRI;BIST ANTALYA RETURN;TRY;17/02/2026;15085.51;15127.82;14895.2;15162.48
209;XSANT_CFNNTLUS;BIST ANTALYA GETIRI (ABD DOLARI);BIST ANTALYA RETURN (USD);USD;17/02/2026;2010.98;2010.98;2010.98;2010.98
210;XSANT_CFNNTLER;BIST ANTALYA GETIRI (EURO);BIST ANTALYA RETURN (EURO);EUR;17/02/2026;1990.61;1990.61;1990.61;1990.61
211;XSAYD_CFNNTLTL;BIST AYDIN GETIRI;BIST AYDIN RETURN;TRY;17/02/2026;7961.44;8082.4;7839.78;8082.4
212;XSAYD_CFNNTLUS;BIST AYDIN GETIRI (ABD DOLARI);BIST AYDIN RETURN (USD);USD;17/02/2026;1061.3;1061.3;1061.3;1061.3
213;XSAYD_CFNNTLER;BIST AYDIN GETIRI (EURO);BIST AYDIN RETURN (EURO);EUR;17/02/2026;1050.55;1050.55;1050.55;1050.55
214;XSBAL_CFNNTLTL;BIST BALIKESIR GETIRI;BIST BALIKESIR RETURN;TRY;17/02/2026;13466.32;13840.28;13367.67;13840.28
215;XSBAL_CFNNTLUS;BIST BALIKESIR GETIRI (ABD DOLARI);BIST BALIKESIR RETURN (USD);USD;17/02/2026;1795.13;1795.13;1795.13;1795.13
216;XSBAL_CFNNTLER;BIST BALIKESIR GETIRI (EURO);BIST BALIKESIR RETURN (EURO);EUR;17/02/2026;1776.95;1776.95;1776.95;1776.95
217;XSBUR_CFNNTLTL;BIST BURSA GETIRI;BIST BURSA RETURN;TRY;17/02/2026;41816.42;43043.82;41690.17;43043.82
218;XSBUR_CFNNTLUS;BIST BURSA GETIRI (ABD DOLARI);BIST BURSA RETURN (USD);USD;17/02/2026;5574.35;5574.35;5574.35;5574.35
219;XSBUR_CFNNTLER;BIST BURSA GETIRI (EURO);BIST BURSA RETURN (EURO);EUR;17/02/2026;5517.9;5517.9;5517.9;5517.9
220;XSDNZ_CFNNTLTL;BIST DENIZLI GETIRI;BIST DENIZLI RETURN;TRY;17/02/2026;11083.31;11041.51;11023.9;11124.77
221;XSDNZ_CFNNTLUS;BIST DENIZLI GETIRI (ABD DOLARI);BIST DENIZLI RETURN (USD);USD;17/02/2026;1477.46;1477.46;1477.46;1477.46
222;XSDNZ_CFNNTLER;BIST DENIZLI GETIRI (EURO);BIST DENIZLI RETURN (EURO);EUR;17/02/2026;1462.5;1462.5;1462.5;1462.5
223;XSIST_CFNNTLTL;BIST ISTANBUL GETIRI;BIST ISTANBUL RETURN;TRY;17/02/2026;26633.77;26615.24;26613.97;26881.92
224;XSIST_CFNNTLUS;BIST ISTANBUL GETIRI (ABD DOLARI);BIST ISTANBUL RETURN (USD);USD;17/02/2026;3550.43;3550.43;3550.43;3550.43
225;XSIST_CFNNTLER;BIST ISTANBUL GETIRI (EURO);BIST ISTANBUL RETURN (EURO);EUR;17/02/2026;3514.47;3514.47;3514.47;3514.47
226;XSIZM_CFNNTLTL;BIST IZMIR GETIRI;BIST IZMIR RETURN;TRY;17/02/2026;27804.91;27902.55;27675.78;27999.81
227;XSIZM_CFNNTLUS;BIST IZMIR GETIRI (ABD DOLARI);BIST IZMIR RETURN (USD);USD;17/02/2026;3706.54;3706.54;3706.54;3706.54
228;XSIZM_CFNNTLER;BIST IZMIR GETIRI (EURO);BIST IZMIR RETURN (EURO);EUR;17/02/2026;3669.01;3669.01;3669.01;3669.01
229;XSKAY_CFNNTLTL;BIST KAYSERI GETIRI;BIST KAYSERI RETURN;TRY;17/02/2026;62115.2;62020.73;62020.73;62924.14
230;XSKAY_CFNNTLUS;BIST KAYSERI GETIRI (ABD DOLARI);BIST KAYSERI RETURN (USD);USD;17/02/2026;8280.29;8280.29;8280.29;8280.29
231;XSKAY_CFNNTLER;BIST KAYSERI GETIRI (EURO);BIST KAYSERI RETURN (EURO);EUR;17/02/2026;8196.43;8196.43;8196.43;8196.43
232;XSKOC_CFNNTLTL;BIST KOCAELI GETIRI;BIST KOCAELI RETURN;TRY;17/02/2026;85887.52;87479.28;85839.61;87479.28
233;XSKOC_CFNNTLUS;BIST KOCAELI GETIRI (ABD DOLARI);BIST KOCAELI RETURN (USD);USD;17/02/2026;11449.27;11449.27;11449.27;11449.27
234;XSKOC_CFNNTLER;BIST KOCAELI GETIRI (EURO);BIST KOCAELI RETURN (EURO);EUR;17/02/2026;11333.31;11333.31;11333.31;11333.31
235;XSKON_CFNNTLTL;BIST KONYA GETIRI;BIST KONYA RETURN;TRY;17/02/2026;13287.83;13119.45;12989.5;13303.99
236;XSKON_CFNNTLER;BIST KONYA GETIRI (EURO);BIST KONYA RETURN (EURO);EUR;17/02/2026;1753.4;1753.4;1753.4;1753.4
237;XSKON_CFNNTLUS;BIST KONYA GETIRI (ABD DOLARI);BIST KONYA RETURN (USD);USD;17/02/2026;1771.34;1771.34;1771.34;1771.34
238;XSMNS_CFNNTLTL;BIST MANISA GETIRI;BIST MANISA RETURN;TRY;17/02/2026;3761.25;3705.98;3677.19;3793.89
239;XSMNS_CFNNTLUS;BIST MANISA GETIRI (ABD DOLARI);BIST MANISA RETURN (USD);USD;17/02/2026;501.39;501.39;501.39;501.39
240;XSMNS_CFNNTLER;BIST MANISA GETIRI (EURO);BIST MANISA RETURN (EURO);EUR;17/02/2026;496.32;496.32;496.32;496.32
241;XSTKR_CFNNTLTL;BIST TEKIRDAG GETIRI;BIST TEKIRDAG RETURN;TRY;17/02/2026;66952.26;65974.13;65300.36;67506.39
242;XSTKR_CFNNTLUS;BIST TEKIRDAG GETIRI (ABD DOLARI);BIST TEKIRDAG RETURN (USD);USD;17/02/2026;8925.1;8925.1;8925.1;8925.1
243;XSTKR_CFNNTLER;BIST TEKIRDAG GETIRI (EURO);BIST TEKIRDAG RETURN (EURO);EUR;17/02/2026;8834.71;8834.71;8834.71;8834.71
